id,user_id,caterer_id,time
1,1,3,2024-05-01 12:30:00
2,2,5,2024-05-02 13:00:00
3,3,7,2024-05-03 11:45:00
4,4,2,2024-05-04 12:15:00
5,5,6,2024-05-05 13:30:00
6,6,1,2024-05-06 12:00:00
7,7,4,2024-05-07 11:30:00
8,8,9,2024-05-08 12:45:00
9,9,8,2024-05-09 13:15:00
10,10,10,2024-05-10 12:30:00
11,11,3,2024-05-11 12:00:00
12,12,7,2024-05-12 11:45:00
13,13,5,2024-05-13 13:00:00
14,14,2,2024-05-14 12:15:00
15,15,6,2024-05-15 11:30:00
16,16,4,2024-05-16 13:30:00
17,17,1,2024-05-17 12:45:00
18,18,8,2024-05-18 11:30:00
19,19,9,2024-05-19 13:15:00
20,20,10,2024-05-20 12:00:00
