id,time,user_id,caterer_id
1,2024-01-15 12:30:00,3,7
2,2024-02-10 14:00:00,5,4
3,2024-03-12 18:15:00,2,9
4,2024-04-05 11:45:00,7,2
5,2024-05-01 16:30:00,8,6
6,2024-01-20 09:00:00,4,1
7,2024-02-25 13:30:00,6,8
8,2024-03-15 17:45:00,9,3
9,2024-04-22 10:15:00,1,5
10,2024-05-05 19:30:00,10,10
11,2024-01-10 12:00:00,12,4
12,2024-02-14 15:45:00,15,7
13,2024-03-08 18:00:00,17,6
14,2024-04-11 11:30:00,19,2
15,2024-05-10 16:45:00,14,9
16,2024-01-18 09:30:00,20,3
17,2024-02-28 14:15:00,18,8
18,2024-03-21 17:00:00,16,1
19,2024-04-19 10:45:00,13,5
20,2024-05-06 19:15:00,11,10
21,2024-01-12 12:45:00,7,6
22,2024-02-22 14:30:00,8,9
23,2024-03-10 18:30:00,3,4
24,2024-04-25 11:00:00,2,7
25,2024-05-03 16:00:00,5,1
26,2024-01-25 09:45:00,4,8
27,2024-02-20 13:15:00,6,3
28,2024-03-18 17:30:00,9,10
29,2024-04-28 10:00:00,10,2
30,2024-05-07 19:45:00,12,5
31,2024-01-08 12:15:00,14,4
32,2024-02-15 15:00:00,15,9
33,2024-03-07 18:45:00,17,6
34,2024-04-14 11:15:00,19,7
35,2024-05-09 16:30:00,18,3
36,2024-01-19 09:15:00,20,1
37,2024-02-26 13:00:00,16,8
38,2024-03-22 17:15:00,13,10
39,2024-04-24 10:30:00,11,5
40,2024-05-08 19:00:00,19,6
41,2024-01-14 12:30:00,18,9
42,2024-02-12 14:45:00,17,4
43,2024-03-11 18:30:00,16,7
44,2024-04-16 11:00:00,15,3
45,2024-05-04 16:15:00,14,1
46,2024-01-23 09:30:00,13,8
47,2024-02-24 13:45:00,12,10
48,2024-03-14 17:00:00,11,5
49,2024-04-21 10:45:00,10,6
50,2024-05-02 19:30:00,9,2
51,2024-01-09 12:00:00,8,9
52,2024-02-18 14:30:00,7,4
53,2024-03-13 18:15:00,6,7
54,2024-04-17 11:30:00,5,3
55,2024-05-11 16:45:00,4,1
56,2024-01-22 09:45:00,3,8
57,2024-02-21 13:00:00,2,10
58,2024-03-19 17:30:00,1,5
59,2024-04-26 10:15:00,12,2
60,2024-05-12 19:00:00,14,6
61,2024-01-11 12:45:00,15,9
62,2024-02-13 15:30:00,16,4
63,2024-03-09 18:45:00,17,7
64,2024-04-15 11:00:00,18,3
65,2024-05-13 16:15:00,19,1
66,2024-01-21 09:15:00,20,8
67,2024-02-27 13:30:00,18,10
68,2024-03-20 17:00:00,17,5
69,2024-04-23 10:30:00,16,2
70,2024-05-14 19:15:00,15,6
